zipcode,lat,lng,recovery_count,id
10001,40.7521,-74.0016,114,36061
10002,40.7158,-73.9865,223,36061
10003,40.7319,-73.9889,48,36061
10004,40.7037,-74.013,6,36061
10005,40.6889,-74.019,18,36061
10006,40.709,-74.0133,9,36061
10007,40.7131,-74.0105,25,36061
10009,40.7264,-73.9785,69,36061
10010,40.7389,-73.9823,34,36061
10011,40.7427,-74.0013,94,36061
10012,40.7257,-73.9979,8,36061
10013,40.7203,-74.0051,48,36061
10014,40.734,-74.0064,45,36061
10016,40.7451,-73.9782,49,36061
10017,40.7525,-73.973,25,36061
10018,40.7554,-73.9931,33,36061
10019,40.7695,-73.9925,80,36061
10020,40.76,-73.9814,2,36061
10021,40.7697,-73.9597,27,36061
10022,40.7574,-73.9676,70,36061
10023,40.7754,-73.9814,41,36061
10024,40.7846,-73.9721,67,36061
10025,40.7978,-73.9662,82,36061
10026,40.8018,-73.9533,111,36061
10027,40.8133,-73.9581,317,36061
10028,40.7766,-73.9537,26,36061
10029,40.7919,-73.9454,343,36061
10030,40.8183,-73.9434,146,36061
10031,40.8255,-73.9503,198,36061
10032,40.838,-73.9413,125,36061
10033,40.8507,-73.9372,105,36061
10034,40.8672,-73.922,104,36061
10035,40.7937,-73.9189,201,36061
10036,40.7594,-73.9904,67,36061
10037,40.8133,-73.9374,96,36061
10038,40.7077,-74.0032,53,36061
10039,40.8264,-73.9375,133,36061
10040,40.859,-73.9303,53,36061
10044,40.7624,-73.9495,3,36061
10045,40.7085,-74.0088,1,36061
10065,40.7653,-73.9647,21,36061
10069,40.7775,-73.9893,3,36061
10075,40.774,-73.9576,15,36061
10111,40.7592,-73.9784,1,36061
10112,40.7591,-73.9795,2,36061
10116,40.6687,-73.9768,1,36061
10118,40.7483,-73.9846,1,36061
10119,40.7512,-73.9923,5,36061
10128,40.7822,-73.9514,29,36061
10162,40.7525,-73.9792,1,36061
10165,40.7524,-73.9785,2,36061
10168,40.7515,-73.9765,1,36061
10171,40.7561,-73.9745,3,36061
10199,40.7518,-73.9962,11,36061
10278,40.715,-74.004,4,36061
10280,40.7086,-74.0173,1,36061
10282,40.7159,-74.0154,1,36061
10301,40.6275,-74.0953,150,36085
10302,40.6311,-74.1377,60,36085
10303,40.6317,-74.1731,166,36085
10304,40.5978,-74.097,132,36085
10305,40.596,-74.0751,89,36085
10306,40.5673,-74.122,102,36085
10307,40.5078,-74.2418,46,36085
10308,40.5529,-74.1505,63,36085
10309,40.5322,-74.2188,81,36085
10310,40.6325,-74.1163,69,36085
10311,40.6054,-74.1782,3,36085
10312,40.5469,-74.1817,116,36085
10314,40.6002,-74.1598,128,36085
10451,40.8209,-73.9241,422,36005
10452,40.838,-73.9233,320,36005
10453,40.8527,-73.9134,333,36005
10454,40.8058,-73.9168,296,36005
10455,40.8141,-73.9071,202,36005
10456,40.8304,-73.9082,456,36005
10457,40.8463,-73.8985,492,36005
10458,40.8623,-73.8857,379,36005
10459,40.8253,-73.8933,277,36005
10460,40.8442,-73.8802,326,36005
10461,40.8472,-73.8396,158,36005
10462,40.843,-73.8588,189,36005
10463,40.8807,-73.9028,138,36005
10464,40.8741,-73.8096,20,36005
10465,40.8224,-73.8289,124,36005
10466,40.8908,-73.8464,343,36005
10467,40.8778,-73.8726,388,36005
10468,40.8694,-73.8985,217,36005
10469,40.8684,-73.8471,287,36005
10470,40.8986,-73.8635,78,36005
10471,40.9005,-73.903,18,36005
10472,40.8302,-73.8741,291,36005
10473,40.8179,-73.8593,233,36005
10474,40.8105,-73.8838,74,36005
10475,40.8752,-73.825,97,36005
10502,41.0118,-73.8415,3,36119
10506,41.1894,-73.6348,2,36119
10507,41.2292,-73.6886,2,36119
10509,41.4123,-73.5949,19,36079
10511,41.2626,-73.9451,2,36119
10512,41.4482,-73.7122,15,36079
10514,41.1797,-73.7712,1,36119
10516,41.4592,-73.9068,3,36079
10518,41.2639,-73.5986,2,36119
10520,41.2225,-73.8732,1,36119
10522,41.0128,-73.8642,4,36119
10523,41.0614,-73.8104,7,36119
10524,41.3728,-73.9213,2,36079
10528,40.9786,-73.7239,4,36119
10530,41.0254,-73.8123,2,36119
10532,41.0984,-73.7934,9,36119
10533,41.0373,-73.8568,5,36119
10535,41.3356,-73.8018,1,36119
10536,41.2795,-73.7291,4,36119
10538,40.9384,-73.7568,5,36119
10541,41.378,-73.7507,3,36079
10543,40.9524,-73.7356,3,36119
10547,41.3115,-73.8485,4,36119
10548,41.2475,-73.9352,1,36119
10549,41.189,-73.7179,5,36119
10550,40.9059,-73.8347,122,36119
10552,40.9244,-73.8259,23,36119
10553,40.909,-73.8211,4,36119
10560,41.3323,-73.6038,1,36119
10562,41.1928,-73.8317,29,36119
10566,41.287,-73.9167,21,36119
10567,41.2724,-73.8697,13,36119
10570,41.1295,-73.7924,1,36119
10573,41.0168,-73.6776,21,36119
10576,41.2105,-73.5732,6,36119
10577,41.0389,-73.7125,2,36119
10579,41.3934,-73.8328,11,36079
10580,40.9737,-73.6906,1,36119
10583,40.9899,-73.794,16,36119
10589,41.3283,-73.6932,7,36119
10591,41.086,-73.8456,15,36119
10596,41.2525,-73.9582,3,36119
10598,41.279,-73.8011,10,36119
10601,41.0328,-73.7648,15,36119
10603,41.0555,-73.779,4,36119
10605,41.0088,-73.7471,5,36119
10606,41.0223,-73.7766,2,36119
10607,41.0416,-73.8109,16,36119
10701,40.9449,-73.8643,427,36119
10703,40.9578,-73.8804,63,36119
10704,40.9201,-73.8626,47,36119
10705,40.9188,-73.8907,5,36119
10706,40.9893,-73.8673,22,36119
10707,40.9573,-73.8244,5,36119
10708,40.9403,-73.8283,14,36119
10709,40.9559,-73.8085,3,36119
10710,40.9676,-73.8467,29,36119
10801,40.9175,-73.7848,32,36119
10803,40.9001,-73.8061,5,36119
10804,40.9492,-73.7859,3,36119
10805,40.8989,-73.7808,7,36119
10901,41.1376,-74.1125,6,36087
10910,41.2768,-74.1489,1,36071
10914,41.4071,-74.1936,4,36071
10915,41.5416,-74.3608,2,36071
10916,41.4437,-74.2495,14,36071
10917,41.3259,-74.1192,5,36071
10918,41.3222,-74.2616,17,36071
10920,41.1549,-73.942,3,36087
10921,41.3292,-74.3648,2,36071
10922,41.3368,-73.9839,1,36071
10923,41.2035,-74.0012,1,36087
10924,41.3937,-74.3041,37,36071
10927,41.1928,-73.967,6,36087
10930,41.3531,-74.0985,4,36071
10931,41.1492,-74.1506,4,36087
10940,41.4501,-74.4693,105,36071
10941,41.4899,-74.3464,12,36071
10950,41.3143,-74.2009,13,36071
10952,41.1143,-74.0797,1,36087
10954,41.0991,-74.0132,19,36087
10956,41.1563,-73.9939,14,36087
10958,41.3957,-74.3998,1,36071
10960,41.087,-73.9267,7,36087
10962,41.0462,-73.9589,21,36087
10964,41.0122,-73.9109,1,36087
10965,41.0605,-74.0119,2,36087
10970,41.1873,-74.048,2,36087
10973,41.385,-74.4745,3,36071
10974,41.1687,-74.1725,3,36087
10976,41.0242,-73.921,1,36087
10977,41.1167,-74.0485,37,36087
10980,41.2392,-74.0591,6,36087
10983,41.027,-73.9478,1,36087
10986,41.2706,-73.9889,1,36087
10987,41.2056,-74.2253,3,36071
10989,41.1259,-73.9351,8,36087
10990,41.2628,-74.3667,13,36071
10992,41.425,-74.1674,5,36071
10993,41.2109,-73.9764,1,36087
10994,41.0986,-73.9723,4,36087
10996,41.3903,-73.9741,1,36071
11001,40.7225,-73.7065,13,36059
11003,40.7,-73.7068,104,36059
11004,40.7464,-73.7122,15,36081
11010,40.7008,-73.6752,16,36059
11020,40.7709,-73.7138,6,36059
11021,40.7866,-73.7287,7,36059
11023,40.8002,-73.7331,1,36059
11024,40.8162,-73.7417,2,36059
11030,40.7923,-73.6882,12,36059
11040,40.7458,-73.6803,37,36059
11042,40.7598,-73.6929,1,36059
11050,40.8388,-73.6914,44,36059
11051,40.8255,-73.6986,4,36059
11096,40.619,-73.7508,15,36059
11101,40.7461,-73.9383,104,36081
11102,40.772,-73.9261,51,36081
11103,40.7631,-73.9108,53,36081
11104,40.7435,-73.9233,31,36081
11105,40.7792,-73.9067,43,36081
11106,40.762,-73.9317,49,36081
11109,40.747,-73.9572,2,36081
11201,40.6969,-73.9836,195,36047
11202,40.6961,-73.9901,13,36047
11203,40.6496,-73.9344,390,36047
11204,40.619,-73.9853,66,36047
11205,40.6938,-73.9645,163,36047
11206,40.702,-73.9424,438,36047
11207,40.6707,-73.8944,927,36047
11208,40.6749,-73.8724,590,36047
11209,40.625,-74.0313,61,36047
11210,40.6279,-73.9465,203,36047
11211,40.715,-73.9445,124,36047
11212,40.6628,-73.913,821,36047
11213,40.6713,-73.9363,442,36047
11214,40.5988,-73.9962,84,36047
11215,40.6652,-73.9831,72,36047
11216,40.681,-73.9491,347,36047
11217,40.6826,-73.9794,118,36047
11218,40.645,-73.9775,69,36047
11219,40.6325,-73.9969,67,36047
11220,40.641,-74.0168,87,36047
11221,40.6913,-73.9275,628,36047
11222,40.7279,-73.9467,43,36047
11223,40.5971,-73.9735,131,36047
11224,40.5751,-73.9905,231,36047
11225,40.6634,-73.9564,340,36047
11226,40.647,-73.9574,479,36047
11228,40.617,-74.0134,34,36047
11229,40.6025,-73.9503,115,36047
11230,40.622,-73.9657,90,36047
11231,40.6776,-74.0042,107,36047
11232,40.656,-74.0047,77,36047
11233,40.6783,-73.9198,617,36047
11234,40.6209,-73.9275,310,36047
11235,40.5831,-73.9597,161,36047
11236,40.6401,-73.9016,442,36047
11237,40.7039,-73.9208,108,36047
11238,40.6795,-73.964,142,36047
11239,40.6506,-73.8673,35,36047
11249,40.7107,-73.9655,10,36047
11351,40.7817,-73.8275,1,36081
11354,40.7689,-73.8275,83,36081
11355,40.7501,-73.8239,54,36081
11356,40.7859,-73.8433,47,36081
11357,40.7861,-73.8118,74,36081
11358,40.7605,-73.7965,33,36081
11360,40.7808,-73.7821,18,36081
11361,40.7641,-73.7729,32,36081
11362,40.7579,-73.7343,20,36081
11363,40.7728,-73.7465,4,36081
11364,40.7462,-73.758,41,36081
11365,40.7396,-73.794,38,36081
11366,40.7292,-73.7884,7,36081
11367,40.7301,-73.8233,60,36081
11368,40.7495,-73.8555,92,36081
11369,40.7679,-73.8705,225,36081
11370,40.7668,-73.8884,32,36081
11371,40.7636,-73.83,78,36081
11372,40.7517,-73.8838,69,36081
11373,40.7389,-73.8784,68,36081
11374,40.7254,-73.8618,26,36081
11375,40.7228,-73.8446,67,36081
11377,40.744,-73.9053,73,36081
11378,40.7217,-73.9084,58,36081
11379,40.717,-73.8803,72,36081
11385,40.6964,-73.8878,170,36081
11405,40.7119,-73.7996,2,36081
11411,40.6934,-73.7364,55,36081
11412,40.6984,-73.7596,214,36081
11413,40.6661,-73.7528,149,36081
11414,40.6582,-73.8455,309,36081
11415,40.7085,-73.8285,27,36081
11416,40.6847,-73.8496,45,36081
11417,40.6751,-73.8432,80,36081
11418,40.6991,-73.8434,98,36081
11419,40.6888,-73.823,50,36081
11420,40.6735,-73.8174,111,36081
11421,40.6928,-73.8583,53,36081
11422,40.6607,-73.7368,101,36081
11423,40.7164,-73.7675,60,36081
11424,40.7138,-73.8291,2,36081
11425,40.689,-73.7858,2,36081
11426,40.7363,-73.7226,24,36059
11427,40.7305,-73.7473,16,36081
11428,40.721,-73.7424,39,36081
11429,40.7097,-73.7387,102,36081
11430,40.64,-73.7796,144,36081
11431,40.7089,-73.7981,6,36081
11432,40.7156,-73.7929,137,36081
11433,40.698,-73.7878,222,36081
11434,40.669,-73.7777,427,36081
11435,40.7015,-73.8098,158,36081
11436,40.6753,-73.7962,132,36081
11439,40.7202,-73.7903,3,36081
11451,40.7022,-73.7956,3,36081
11501,40.7465,-73.6393,100,36059
11507,40.7711,-73.6518,7,36059
11509,40.5879,-73.7302,5,36059
11510,40.6532,-73.6095,64,36059
11514,40.7497,-73.6126,5,36059
11516,40.6267,-73.7277,3,36059
11518,40.6383,-73.6669,24,36059
11520,40.6484,-73.5822,177,36059
11530,40.7252,-73.6358,28,36059
11542,40.871,-73.6285,30,36059
11545,40.813,-73.5639,7,36059
11548,40.8146,-73.6182,1,36059
11549,40.7188,-73.6004,9,36059
11550,40.7023,-73.6202,324,36059
11551,40.7077,-73.6288,3,36059
11552,40.6928,-73.6523,28,36059
11553,40.7055,-73.5921,348,36059
11554,40.7161,-73.5579,48,36059
11557,40.6378,-73.6923,21,36059
11558,40.6063,-73.6517,12,36059
11559,40.6094,-73.7236,5,36059
11560,40.8803,-73.5892,12,36059
11561,40.5889,-73.6433,88,36059
11563,40.6574,-73.6738,27,36059
11565,40.6772,-73.673,3,36059
11566,40.6664,-73.556,44,36059
11568,40.7858,-73.5986,5,36059
11569,40.59,-73.5808,4,36059
11570,40.6666,-73.6384,39,36059
11572,40.6325,-73.6379,26,36059
11575,40.6806,-73.5855,96,36059
11576,40.7992,-73.6542,2,36059
11577,40.7834,-73.6381,6,36059
11579,40.8436,-73.6441,8,36059
11580,40.6748,-73.7039,65,36059
11581,40.6555,-73.7153,41,36059
11590,40.7529,-73.574,68,36059
11596,40.7598,-73.6418,21,36059
11598,40.6317,-73.7125,32,36059
11691,40.601,-73.7617,350,36081
11692,40.5932,-73.795,92,36081
11693,40.6183,-73.8239,71,36081
11694,40.5765,-73.848,92,36081
11697,40.556,-73.9231,10,36081
11701,40.6876,-73.414,65,36103
11702,40.6327,-73.3449,10,36103
11703,40.7332,-73.3246,31,36103
11704,40.7235,-73.3635,109,36103
11705,40.7459,-73.0547,4,36103
11706,40.7359,-73.2445,125,36103
11707,40.7033,-73.3433,2,36103
11709,40.9077,-73.5605,23,36059
11710,40.6763,-73.534,47,36059
11713,40.7622,-72.9331,20,36103
11714,40.7424,-73.4854,26,36059
11715,40.75,-73.0336,3,36103
11716,40.7711,-73.1247,23,36103
11717,40.7836,-73.2513,82,36103
11718,40.7205,-73.2684,8,36103
11719,40.7863,-72.9057,4,36103
11720,40.87,-73.082,108,36103
11721,40.8834,-73.3606,9,36103
11722,40.7837,-73.1955,68,36103
11724,40.8607,-73.4521,1,36103
11725,40.8401,-73.281,8,36103
11726,40.6784,-73.396,29,36103
11727,40.8803,-73.0021,52,36103
11729,40.7631,-73.3211,27,36103
11730,40.7229,-73.1755,9,36103
11731,40.863,-73.3165,24,36103
11732,40.8447,-73.5344,3,36059
11733,40.9346,-73.1063,4,36103
11735,40.7328,-73.4297,34,36059
11738,40.838,-73.038,20,36103
11740,40.8646,-73.3615,11,36103
11741,40.7955,-73.0725,19,36103
11742,40.8103,-73.0414,4,36103
11743,40.8983,-73.456,54,36103
11746,40.8031,-73.3238,57,36103
11747,40.7826,-73.4265,21,36103
11749,40.8064,-73.1711,7,36103
11751,40.7331,-73.2139,9,36103
11752,40.7591,-73.1755,5,36103
11753,40.7853,-73.5442,5,36059
11754,40.8883,-73.2497,10,36103
11755,40.8581,-73.1177,17,36103
11756,40.7255,-73.5166,20,36059
11757,40.6899,-73.3739,45,36103
11758,40.6847,-73.4692,55,36059
11762,40.6841,-73.4479,27,36059
11763,40.8247,-72.9816,38,36103
11764,40.937,-72.9817,3,36103
11766,40.9321,-73.0129,8,36103
11767,40.8442,-73.1452,2,36103
11768,40.9099,-73.3258,9,36103
11769,40.7396,-73.1313,1,36103
11771,40.8595,-73.5065,2,36059
11772,40.7717,-72.9946,77,36103
11773,40.8246,-73.5038,3,36059
11776,40.9133,-73.0452,16,36103
11777,40.9488,-73.0616,4,36103
11778,40.9428,-72.9363,13,36103
11779,40.8132,-73.1166,37,36103
11780,40.8862,-73.1528,10,36103
11782,40.7479,-73.0817,10,36103
11783,40.6778,-73.4907,91,36059
11784,40.8691,-73.0415,40,36103
11786,40.9487,-72.8886,19,36103
11787,40.8522,-73.2108,16,36103
11788,40.8147,-73.2088,22,36103
11789,40.9575,-72.9728,1,36103
11790,40.9056,-73.1262,7,36103
11791,40.8274,-73.5033,20,36059
11792,40.9471,-72.8332,3,36103
11793,40.681,-73.5104,30,36059
11794,40.9164,-73.1473,1,36103
11795,40.709,-73.2975,16,36103
11796,40.7315,-73.0998,1,36103
11797,40.8171,-73.4698,10,36071
11798,40.7539,-73.3697,88,36103
11801,40.7625,-73.5228,92,36059
11803,40.7822,-73.4735,11,36059
11804,40.7623,-73.4523,2,36059
11901,40.9019,-72.5992,32,36103
11930,40.9836,-72.1253,4,36103
11932,40.9388,-72.3021,4,36103
11933,40.9278,-72.7595,7,36103
11934,40.8027,-72.7942,7,36103
11935,41.0178,-72.4891,2,36103
11937,40.9759,-72.1921,9,36103
11940,40.8134,-72.7522,7,36103
11941,40.8286,-72.7236,1,36103
11942,40.861,-72.5889,4,36103
11944,41.1036,-72.3742,2,36103
11946,40.8871,-72.5371,14,36103
11948,40.9687,-72.5564,1,36103
11949,40.8627,-72.7914,12,36103
11950,40.8077,-72.8491,42,36103
11951,40.7673,-72.839,38,36103
11952,40.9975,-72.5446,7,36103
11953,40.8857,-72.9446,35,36103
11954,41.0467,-71.9438,21,36103
11955,40.808,-72.8219,7,36103
11956,40.969,-72.4622,1,36103
11959,40.8233,-72.6024,10,36103
11961,40.9055,-72.8811,20,36103
11962,40.9312,-72.2722,1,36103
11963,40.9862,-72.3119,1,36103
11964,41.0783,-72.3352,3,36103
11967,40.8005,-72.8753,73,36103
11968,40.9063,-72.4126,10,36103
11971,41.064,-72.4455,5,36103
11976,40.9262,-72.3426,2,36103
11977,40.8309,-72.6793,5,36103
11978,40.8405,-72.6378,2,36103
11980,40.8309,-72.9245,221,36103
12008,42.854,-73.9042,4,36093
12009,42.7118,-74.0261,2,36001
12010,42.9068,-74.1612,19,36057
12017,42.3149,-73.4573,4,36021
12018,42.6259,-73.5649,28,36083
12019,42.9265,-73.8434,3,36091
12020,43.0019,-73.8713,16,36091
12022,42.6717,-73.3355,2,36083
12023,42.6004,-74.1471,5,36001
12025,43.081,-74.172,8,36035
12029,42.4055,-73.4275,3,36021
12033,42.5387,-73.7071,16,36083
12037,42.3354,-73.5629,6,36021
12041,42.5362,-73.9759,5,36001
12043,42.7046,-74.5232,9,36095
12045,42.47,-73.7912,5,36001
12046,42.4855,-73.9053,1,36001
12047,42.7839,-73.7265,16,36001
12051,42.3393,-73.833,9,36039
12053,42.7581,-74.1825,2,36093
12054,42.6074,-73.8687,11,36001
12056,42.7666,-74.0925,2,36093
12057,42.9676,-73.3445,1,36115
12058,42.3492,-73.9249,18,36039
12060,42.4117,-73.4937,1,36021
12061,42.6018,-73.6522,133,36083
12062,42.5281,-73.5041,4,36083
12065,42.853,-73.7871,23,36091
12066,42.806,-74.2849,2,36095
12067,42.5607,-73.9219,2,36001
12068,42.9523,-74.4541,1,36057
12071,42.5403,-74.4105,6,36095
12072,42.8822,-74.3628,7,36057
12074,43.0457,-74.042,1,36091
12076,42.4239,-74.3782,2,36095
12077,42.5923,-73.7842,5,36001
12078,43.1234,-74.3658,28,36035
12082,42.7694,-73.4495,4,36083
12083,42.4276,-74.0304,4,36039
12084,42.6986,-73.9036,9,36001
12089,42.8625,-73.3273,5,36083
12090,42.8816,-73.357,6,36083
12092,42.7036,-74.4096,1,36095
12093,42.4961,-74.6358,10,36095
12094,42.8739,-73.4843,2,36083
12095,43.0131,-74.3857,18,36035
12106,42.3867,-73.7084,1,36021
12110,42.7537,-73.7761,24,36001
12116,42.5411,-74.9138,6,36077
12117,43.1603,-74.2412,2,36035
12118,42.92,-73.7192,29,36091
12121,42.8427,-73.6053,4,36083
12122,42.5486,-74.3051,5,36095
12123,42.5241,-73.6074,12,36083
12124,42.4467,-73.79,3,36039
12125,42.4767,-73.405,6,36021
12130,42.4443,-73.6581,1,36021
12133,42.9265,-73.3445,1,36083
12134,43.3036,-74.2195,7,36041
12137,42.8361,-74.1692,3,36093
12138,42.7741,-73.32,1,36083
12143,42.4829,-73.8515,3,36001
12144,42.6201,-73.7341,12,36083
12147,42.5135,-74.1528,2,36001
12149,42.621,-74.5645,3,36095
12151,42.9212,-73.7864,1,36091
12153,42.638,-73.4706,2,36083
12154,42.9046,-73.6161,11,36083
12155,42.5903,-74.8235,3,36077
12156,42.4802,-73.7566,3,36021
12157,42.6674,-74.2806,2,36095
12158,42.5389,-73.8217,5,36001
12159,42.6423,-73.8855,4,36001
12160,42.7634,-74.3453,2,36095
12166,42.8385,-74.4514,4,36057
12167,42.4151,-74.5791,6,36025
12168,42.5713,-73.3465,4,36083
12170,42.9989,-73.6636,14,36091
12175,42.5551,-74.5629,1,36095
12180,42.7534,-73.5867,248,36083
12182,42.7993,-73.6332,22,36083
12183,42.7467,-73.6931,5,36083
12184,42.3867,-73.6572,2,36021
12185,42.8968,-73.5546,6,36083
12187,42.6129,-74.4548,1,36095
12188,42.82,-73.6963,14,36091
12189,42.7295,-73.7171,22,36001
12190,43.4422,-74.3079,1,36041
12193,42.5169,-74.0427,14,36001
12196,42.6285,-73.6158,1,36083
12197,42.6099,-74.7258,1,36077
12198,42.6784,-73.633,17,36083
12201,42.6995,-73.817,21,36001
12202,42.6319,-73.7623,213,36001
12203,42.6771,-73.8299,23,36001
12204,42.6895,-73.733,4,36001
12205,42.7179,-73.8299,81,36001
12206,42.6725,-73.7773,252,36001
12207,42.6562,-73.7465,11,36001
12208,42.6552,-73.8075,87,36001
12211,42.7115,-73.771,3,36001
12222,42.6904,-73.8221,2,36001
12225,42.6516,-73.755,7,36001
12226,42.6789,-73.8042,1,36001
12242,42.7008,-73.885,1,36001
12250,42.7008,-73.885,9,36001
12301,42.8152,-73.9393,1,36093
12302,42.8825,-73.983,24,36093
12303,42.7489,-73.9235,22,36093
12304,42.774,-73.8972,47,36093
12305,42.8122,-73.9517,16,36093
12306,42.8053,-74.0332,32,36093
12307,42.8045,-73.9337,81,36093
12308,42.8224,-73.9206,30,36093
12309,42.7994,-73.8694,12,36093
12401,41.9315,-74.0046,98,36111
12404,41.8203,-74.2361,3,36111
12406,42.1261,-74.581,3,36025
12410,42.043,-74.4484,1,36111
12412,42.0082,-74.282,2,36111
12413,42.314,-74.0262,8,36039
12414,42.1983,-73.9303,7,36039
12420,41.67,-74.3853,1,36111
12421,42.2647,-74.5266,1,36025
12422,42.3882,-74.2052,2,36039
12428,41.7341,-74.4477,5,36111
12429,41.8255,-73.9589,2,36111
12430,42.1983,-74.5054,5,36025
12435,41.7315,-74.5213,1,36111
12436,42.1861,-74.0948,6,36039
12443,41.9344,-74.0831,10,36111
12444,42.2682,-74.2915,3,36039
12446,41.8279,-74.3517,4,36111
12449,41.9858,-73.9903,11,36111
12455,42.0918,-74.6266,1,36025
12458,41.8138,-74.4188,3,36111
12461,41.899,-74.2539,1,36111
12463,42.1694,-74.0682,1,36039
12466,41.907,-73.976,1,36111
12468,42.3025,-74.4127,1,36039
12472,41.8448,-74.075,1,36111
12473,42.2564,-74.0454,1,36039
12474,42.2791,-74.5895,1,36025
12477,42.0851,-73.995,24,36111
12480,42.14,-74.3811,2,36111
12484,41.8702,-74.175,2,36111
12485,42.2107,-74.1088,1,36039
12487,41.8614,-73.9911,2,36111
12489,41.751,-74.3629,4,36111
12491,41.9712,-74.1332,1,36111
12493,41.8003,-73.959,1,36111
12496,42.3291,-74.2685,2,36039
12498,42.0559,-74.11,5,36111
12502,42.0786,-73.6556,3,36021
12508,41.4929,-73.9627,22,36027
12513,42.2169,-73.7076,5,36021
12515,41.682,-74.0634,2,36111
12516,42.1014,-73.5572,1,36021
12517,42.1253,-73.5125,2,36021
12518,41.4133,-74.0244,8,36071
12521,42.1708,-73.6509,13,36021
12522,41.7262,-73.5927,23,36027
12524,41.5311,-73.8934,21,36027
12525,41.6624,-74.1804,2,36111
12528,41.7266,-74.002,18,36111
12529,42.2114,-73.5358,3,36021
12530,42.2051,-73.6871,1,36021
12533,41.5596,-73.7947,43,36027
12534,42.2254,-73.7545,43,36021
12538,41.7787,-73.9201,6,36027
12540,41.6663,-73.7263,4,36027
12541,42.1419,-73.7783,5,36021
12542,41.6079,-73.9939,11,36111
12543,41.4913,-74.2129,2,36071
12545,41.7909,-73.6763,1,36027
12546,41.9519,-73.5421,6,36027
12547,41.656,-73.9826,5,36111
12548,41.663,-74.1053,2,36111
12549,41.5285,-74.2557,10,36071
12550,41.5369,-74.0464,407,36071
12553,41.4609,-74.0704,31,36071
12561,41.7556,-74.0934,9,36111
12563,41.5026,-73.5923,13,36079
12564,41.5772,-73.588,4,36027
12565,42.2523,-73.6465,1,36021
12566,41.6356,-74.3318,6,36111
12567,41.9818,-73.6553,1,36027
12568,41.6178,-74.0764,2,36111
12569,41.7329,-73.7964,6,36027
12570,41.6078,-73.676,2,36027
12571,42.0074,-73.8208,4,36027
12572,41.9253,-73.8761,8,36027
12575,41.4869,-74.1582,3,36071
12577,41.4264,-74.1197,1,36071
12581,41.9055,-73.6939,4,36027
12582,41.5248,-73.7509,6,36027
12586,41.5659,-74.1757,7,36071
12589,41.6194,-74.1549,15,36111
12590,41.5923,-73.8946,20,36027
12594,41.6652,-73.5447,2,36027
12601,41.7063,-73.9123,279,36027
12603,41.6778,-73.8661,36,36027
12701,41.6489,-74.698,59,36105
12720,41.6481,-74.9117,1,36105
12721,41.5645,-74.4314,5,36105
12726,41.6822,-74.9356,1,36105
12729,41.4969,-74.619,2,36071
12732,41.555,-74.8817,3,36105
12734,41.7388,-74.7543,2,36105
12740,41.9283,-74.3984,1,36111
12741,41.8409,-75.0757,1,36105
12747,41.7426,-74.6672,1,36105
12748,41.7778,-74.9203,1,36105
12752,41.6797,-74.994,2,36105
12754,41.7993,-74.7377,19,36105
12758,41.9759,-74.7274,2,36105
12759,41.7796,-74.6555,2,36105
12762,41.6749,-74.7918,2,36105
12763,41.6799,-74.5209,3,36105
12764,41.5906,-74.9844,1,36105
12765,41.8505,-74.6206,4,36105
12766,41.8199,-74.9825,3,36105
12767,41.8455,-75.0086,1,36105
12771,41.3748,-74.6281,11,36071
12775,41.6257,-74.57,2,36105
12779,41.7003,-74.6287,2,36105
12780,41.4507,-74.7152,1,36071
12783,41.74,-74.8401,1,36105
12788,41.7935,-74.5892,2,36105
12790,41.5912,-74.5138,22,36105
12801,43.3156,-73.641,12,36113
12803,43.29,-73.6326,7,36091
12804,43.3538,-73.6383,2,36113
12808,43.749,-73.751,1,36113
12812,43.8582,-74.4209,1,36041
12814,43.6192,-73.6325,1,36113
12815,43.7133,-73.6759,1,36113
12816,43.0447,-73.3769,1,36115
12817,43.6255,-73.8177,2,36113
12823,43.1758,-73.4056,11,36115
12827,43.4538,-73.5174,1,36115
12828,43.2545,-73.5665,4,36115
12831,43.1944,-73.6853,23,36091
12832,43.3725,-73.3188,4,36115
12833,43.1507,-73.8109,7,36091
12834,43.0732,-73.5162,2,36115
12835,43.3364,-73.9638,12,36091
12837,43.5543,-73.2908,14,36115
12839,43.3473,-73.5533,4,36115
12842,43.7353,-74.3054,4,36041
12843,43.5636,-74.0829,2,36113
12845,43.4259,-73.7072,3,36113
12847,43.9907,-74.5654,7,36041
12850,43.1105,-73.9811,1,36091
12851,43.8441,-74.057,2,36031
12852,44.0148,-74.1147,8,36031
12853,43.7287,-73.8916,1,36113
12855,43.9818,-73.7948,6,36031
12857,43.832,-73.9113,1,36031
12858,43.8884,-73.6664,2,36031
12860,43.7062,-73.8003,2,36113
12861,43.7506,-73.4186,2,36115
12864,43.6612,-74.4973,2,36041
12865,43.2166,-73.3381,5,36115
12866,43.0746,-73.744,9,36091
12870,43.8379,-73.7542,17,36031
12871,43.0941,-73.6138,4,36091
12878,43.4359,-74.0191,1,36113
12883,43.855,-73.5119,6,36031
12885,43.5338,-73.8396,3,36113
12886,43.6473,-73.9288,1,36113
12887,43.5413,-73.3709,10,36115
12901,44.7057,-73.473,164,36019
12903,44.6653,-73.4554,1,36019
12910,44.8532,-73.6536,16,36019
12912,44.4809,-73.8383,18,36019
12913,44.3929,-74.0112,6,36031
12914,44.9272,-74.5828,18,36033
12916,44.7833,-74.5704,12,36033
12917,44.923,-74.1744,5,36033
12918,44.6452,-73.7041,13,36019
12919,44.9677,-73.4516,30,36019
12920,44.8149,-74.0496,8,36033
12921,44.891,-73.439,11,36019
12922,44.2723,-74.7015,1,36089
12923,44.9445,-73.965,1,36019
12926,44.953,-74.3213,4,36033
12927,44.1882,-74.8162,1,36089
12928,43.9549,-73.5199,17,36031
12929,44.724,-73.7194,12,36019
12930,44.7223,-74.5737,10,36033
12932,44.2334,-73.6316,7,36031
12934,44.8557,-73.8919,4,36019
12935,44.8475,-73.7576,6,36019
12936,44.2757,-73.4017,2,36031
12937,44.9604,-74.4768,27,36033
12939,44.4357,-74.1748,3,36033
12941,44.3395,-73.7357,19,36031
12942,44.2609,-73.788,6,36031
12943,44.1361,-73.7918,2,36031
12944,44.4572,-73.4987,26,36031
12945,44.3542,-74.2364,2,36033
12946,44.2375,-73.9735,20,36031
12950,44.3522,-73.621,7,36031
12952,44.7137,-73.9252,2,36019
12953,44.743,-74.2683,57,36033
12955,44.7892,-73.9639,1,36019
12956,44.1211,-73.525,3,36031
12957,44.8501,-74.5759,9,36033
12958,44.958,-73.5755,4,36019
12959,44.9626,-73.6993,2,36019
12960,44.0243,-73.5162,6,36031
12962,44.6783,-73.5612,20,36019
12965,44.6667,-74.6356,1,36089
12966,44.7977,-74.4147,8,36033
12967,44.7781,-74.7011,3,36089
12969,44.7372,-74.1589,1,36033
12970,44.4621,-74.3711,2,36033
12972,44.5597,-73.5633,59,36019
12973,44.2349,-74.5652,3,36089
12974,44.0548,-73.4721,4,36031
12975,44.5323,-73.4147,2,36031
12976,44.4643,-74.1754,4,36033
12977,44.2857,-74.0868,23,36031
12978,44.6144,-73.8083,3,36019
12979,44.9918,-73.3746,7,36019
12980,44.5886,-74.4922,5,36033
12981,44.6014,-73.8918,46,36019
12983,44.2947,-74.1525,52,36033
12985,44.5685,-73.7325,2,36019
12986,44.1914,-74.4685,34,36033
12989,44.5247,-74.08,7,36033
12992,44.8221,-73.5129,11,36019
12993,44.1997,-73.4751,4,36031
12996,44.3585,-73.424,11,36031
12997,44.3807,-73.8422,20,36031
12998,44.0799,-73.5877,9,36031
13021,42.908,-76.4999,34,36011
13027,43.1676,-76.3634,22,36067
13028,43.2692,-75.9362,1,36075
13029,43.2242,-76.1493,5,36075
13030,43.1662,-75.9615,2,36053
13031,43.0443,-76.3005,2,36067
13032,43.0812,-75.7623,6,36053
13033,43.1873,-76.571,17,36011
13035,42.941,-75.8615,5,36053
13036,43.296,-76.1825,29,36075
13037,43.0593,-75.8643,14,36053
13039,43.1714,-76.0736,15,36067
13040,42.5622,-75.947,3,36023
13041,43.1887,-76.1948,15,36067
13042,43.2238,-75.8536,8,36065
13043,43.0423,-75.7453,1,36053
13044,43.2732,-75.9975,3,36075
13045,42.5539,-76.1823,15,36023
13052,42.724,-75.8709,2,36053
13053,42.4754,-76.2662,8,36109
13057,43.0958,-76.0446,18,36067
13060,43.0205,-76.4216,35,36067
13063,42.8408,-75.9734,5,36067
13068,42.4966,-76.3574,18,36109
13069,43.3563,-76.3397,35,36075
13071,42.6732,-76.5441,1,36011
13072,42.7719,-75.7755,4,36053
13073,42.5867,-76.3893,1,36109
13074,43.3133,-76.5506,6,36075
13076,43.3533,-76.151,4,36075
13077,42.716,-76.2038,3,36023
13078,42.9642,-76.0624,3,36067
13080,43.0827,-76.4759,4,36067
13082,43.102,-75.9559,65,36067
13083,43.6517,-75.9795,1,36075
13084,42.8911,-76.1083,24,36067
13088,43.0975,-76.1978,50,36067
13090,43.1509,-76.2205,28,36067
13092,42.6528,-76.4195,16,36011
13101,42.6052,-76.065,3,36023
13104,42.9657,-75.9545,11,36067
13107,43.4574,-76.1452,1,36075
13108,42.9735,-76.3303,3,36067
13110,42.8929,-76.2855,6,36067
13111,43.2597,-76.6188,2,36011
13112,43.0694,-76.3829,3,36067
13114,43.4643,-76.2422,5,36075
13115,43.3994,-76.4789,1,36075
13117,43.012,-76.7027,3,36011
13118,42.7529,-76.3954,2,36011
13120,42.9436,-76.1736,7,36067
13126,43.4578,-76.4133,19,36075
13131,43.4174,-76.0954,11,36075
13132,43.2645,-76.2441,3,36075
13134,42.9673,-75.6852,1,36053
13135,43.251,-76.3206,6,36075
13140,43.06,-76.658,11,36011
13141,42.7644,-76.1838,2,36023
13142,43.5535,-76.13,9,36075
13143,43.2373,-76.7152,10,36117
13144,43.574,-75.9671,3,36075
13145,43.6541,-76.1239,17,36075
13146,43.1004,-76.7582,7,36117
13147,42.7728,-76.5658,4,36011
13148,42.9172,-76.7772,3,36099
13152,42.9113,-76.4115,7,36067
13156,43.3329,-76.6616,32,36011
13157,43.1988,-75.7357,6,36065
13158,42.7102,-75.9801,1,36023
13159,42.8043,-76.117,10,36067
13160,42.8193,-76.663,1,36011
13164,43.0929,-76.3184,12,36067
13165,42.9099,-76.8776,8,36099
13167,43.2957,-76.0583,6,36075
13201,43.0459,-76.1522,13,36067
13202,43.0435,-76.1506,53,36067
13203,43.0625,-76.1346,20,36067
13204,43.0531,-76.1785,241,36067
13205,43.0039,-76.142,330,36067
13206,43.0743,-76.1058,59,36067
13207,43.0156,-76.1649,72,36067
13208,43.0782,-76.1484,194,36067
13209,43.0708,-76.2215,43,36067
13210,43.0304,-76.1253,25,36067
13211,43.101,-76.1222,13,36067
13212,43.1276,-76.1275,68,36067
13214,43.0402,-76.0736,10,36067
13215,42.9795,-76.2306,156,36067
13219,43.0394,-76.223,11,36067
13224,43.0385,-76.1025,15,36067
13261,43.0505,-76.1535,1,36067
13302,43.5057,-75.9218,3,36075
13304,43.2273,-75.1535,4,36065
13305,43.8895,-75.4288,1,36049
13308,43.2477,-75.6694,11,36065
13309,43.4727,-75.3452,5,36065
13313,42.877,-75.2528,2,36065
13315,42.7697,-75.1547,1,36077
13316,43.3661,-75.7594,14,36065
13318,42.9225,-75.2575,2,36065
13319,43.0256,-75.267,1,36065
13320,42.7784,-74.7356,6,36077
13323,43.0421,-75.3804,10,36065
13326,42.721,-74.9017,7,36077
13327,43.9631,-75.306,1,36049
13328,42.9864,-75.4285,1,36065
13329,43.1086,-74.7185,2,36035
13332,42.7303,-75.5689,2,36053
13334,42.8113,-75.6905,5,36053
13335,42.7044,-75.2473,1,36077
13337,42.7474,-74.983,8,36077
13338,43.4563,-75.1537,3,36065
13339,42.9398,-74.6689,7,36057
13340,43.0482,-75.1159,5,36043
13343,43.7497,-75.2963,1,36049
13345,43.6848,-75.3297,1,36049
13346,42.8182,-75.5434,4,36053
13348,42.7026,-75.0593,1,36077
13350,43.0457,-74.9838,11,36043
13357,42.9669,-75.0765,4,36043
13360,43.709,-74.7354,3,36041
13361,42.8886,-74.9184,5,36043
13363,43.327,-75.5114,5,36065
13365,43.0289,-74.7806,3,36043
13367,43.8995,-75.069,9,36049
13368,43.6419,-75.3347,1,36049
13401,43.2748,-75.6937,1,36065
13403,43.1702,-75.2733,12,36065
13407,42.9673,-74.9412,3,36043
13408,42.9232,-75.6719,2,36053
13410,42.9335,-74.6124,1,36057
13411,42.6082,-75.2414,2,36017
13413,43.0607,-75.3068,46,36065
13416,43.1874,-74.958,2,36043
13417,43.0996,-75.2931,3,36065
13421,43.0645,-75.6426,26,36053
13424,43.1541,-75.3647,1,36065
13425,42.9652,-75.4846,1,36065
13426,43.5707,-75.9971,2,36075
13428,42.9215,-74.538,4,36057
13431,43.2162,-75.0828,1,36043
13433,43.6356,-75.22,3,36049
13435,43.3029,-75.1526,1,36065
13437,43.5948,-75.8264,1,36075
13438,43.353,-75.1887,6,36065
13439,42.8351,-75.041,5,36077
13440,43.2153,-75.4617,30,36065
13452,43.0427,-74.6225,74,36035
13456,42.9862,-75.2938,1,36065
13461,43.0719,-75.5982,3,36065
13464,42.6693,-75.5764,4,36017
13471,43.3523,-75.6086,1,36065
13475,42.8653,-74.8652,1,36043
13476,43.0884,-75.5118,3,36065
13477,43.0363,-75.5119,1,36065
13478,43.1491,-75.5816,16,36065
13480,42.9159,-75.3625,2,36065
13483,43.3995,-75.8229,8,36065
13488,42.695,-74.7539,5,36077
13490,43.0976,-75.4305,10,36065
13491,42.9024,-75.1649,1,36043
13492,43.1166,-75.3336,9,36065
13493,43.4265,-75.8971,2,36075
13495,43.1135,-75.2777,11,36065
13501,43.0825,-75.2266,167,36065
13502,43.1416,-75.1651,145,36065
13505,43.0888,-75.2569,1,36065
13601,43.9642,-75.9022,102,36045
13602,44.0876,-75.5874,6,36045
13603,44.0275,-75.788,7,36045
13605,43.8062,-76.0503,2,36045
13607,44.2906,-75.9274,26,36045
13608,44.212,-75.579,7,36045
13612,43.9837,-75.7712,1,36045
13613,44.864,-74.732,6,36089
13615,44.0064,-75.9844,2,36045
13616,44.0244,-75.8554,1,36045
13617,44.5784,-75.1453,41,36089
13618,44.1173,-76.2724,7,36045
13619,43.9776,-75.6007,2,36045
13620,43.8997,-75.4537,4,36049
13621,44.8426,-75.0629,18,36089
13622,44.0954,-76.1113,2,36045
13624,44.1991,-76.0976,1,36045
13625,44.569,-74.8785,6,36089
13626,43.8426,-75.7155,3,36049
13628,44.0414,-75.6821,1,36045
13630,44.4963,-75.3124,3,36089
13631,43.8852,-75.5681,2,36049
13633,44.4838,-75.4897,3,36089
13635,44.3102,-75.2367,4,36089
13636,43.742,-76.1128,2,36045
13637,44.0941,-75.8246,23,36045
13639,44.2823,-75.1392,2,36089
13640,44.3108,-75.9883,1,36045
13642,44.353,-75.4658,67,36089
13646,44.4369,-75.6753,10,36089
13648,44.1374,-75.3159,6,36049
13650,43.8093,-76.2037,1,36045
13651,43.8602,-76.1998,1,36045
13652,44.4143,-75.2546,3,36089
13654,44.5716,-75.4545,1,36089
13655,44.9774,-74.6063,52,36033
13658,44.7375,-75.277,5,36089
13660,44.7743,-75.1485,7,36089
13662,44.9314,-74.9142,68,36089
13664,44.5834,-75.6428,3,36089
13665,44.0607,-75.5207,2,36045
13666,44.2053,-74.9646,2,36089
13667,44.8301,-74.9526,34,36089
13668,44.754,-74.984,4,36089
13669,44.6428,-75.4944,28,36089
13670,44.1944,-75.0826,3,36089
13672,44.4584,-74.6261,7,36089
13673,44.159,-75.7048,7,36045
13676,44.6255,-74.7154,43,36089
13677,44.5155,-75.1865,2,36089
13679,44.3206,-75.7939,1,36045
13682,43.8458,-75.8769,3,36045
13683,44.9694,-74.7262,5,36089
13684,44.3577,-75.0069,9,36089
13685,43.9315,-76.0924,11,36045
13690,44.142,-74.9828,5,36089
13691,44.2079,-75.8248,10,36045
13694,44.8697,-75.1268,2,36089
13696,44.7384,-74.9216,2,36089
13697,44.7471,-74.7998,47,36089
13730,42.2498,-75.5717,5,36017
13731,42.1307,-74.7883,16,36025
13732,42.0428,-76.1646,4,36107
13733,42.307,-75.4839,12,36017
13734,42.0762,-76.4075,2,36107
13740,42.2753,-74.7413,1,36025
13743,42.2175,-76.3373,2,36107
13744,42.2543,-75.9076,2,36007
13746,42.2275,-75.8345,1,36007
13748,42.0331,-75.8189,2,36007
13750,42.4974,-74.8843,2,36025
13753,42.3047,-74.9246,22,36025
13754,42.0941,-75.4304,5,36007
13755,42.0609,-75.0144,20,36025
13757,42.4274,-74.8426,1,36025
13760,42.1318,-76.0829,38,36007
13775,42.3362,-75.1412,2,36025
13776,42.4596,-75.3371,2,36077
13778,42.3376,-75.7542,36,36017
13780,42.4234,-75.4815,1,36017
13782,42.1658,-74.9809,2,36025
13783,42.015,-75.2868,12,36025
13787,42.1722,-75.6774,7,36007
13788,42.3523,-74.6576,2,36025
13790,42.1854,-76.0294,17,36007
13795,42.0559,-75.7771,17,36007
13796,42.5488,-75.1434,1,36077
13797,42.3368,-76.0398,1,36007
13801,42.5056,-75.7881,20,36017
13802,42.2404,-76.0523,1,36007
13803,42.4613,-75.9934,1,36023
13806,42.3759,-74.9737,2,36025
13808,42.5261,-75.2573,3,36077
13809,42.4036,-75.3945,3,36017
13810,42.6328,-75.1176,2,36077
13811,42.231,-76.1715,1,36107
13812,42.0401,-76.3244,5,36107
13814,42.6166,-75.5273,5,36017
13815,42.5474,-75.5317,7,36017
13820,42.4738,-75.0339,26,36077
13825,42.441,-75.1979,12,36077
13827,42.1109,-76.2529,17,36107
13830,42.4416,-75.6281,47,36017
13833,42.1982,-75.7649,3,36007
13838,42.2886,-75.3937,10,36025
13839,42.2504,-75.2577,9,36025
13841,42.4159,-75.8437,1,36017
13845,42.0563,-76.3481,1,36107
13849,42.3425,-75.3134,6,36077
13850,42.0507,-76.0295,35,36007
13856,42.1637,-75.1677,16,36025
13862,42.3395,-75.9417,2,36007
13865,42.0581,-75.5671,5,36007
13901,42.182,-75.8811,52,36007
13903,42.0462,-75.9034,35,36007
13904,42.1298,-75.8164,12,36007
13905,42.182,-75.9454,82,36007
14001,43.0293,-78.5118,3,36029
14004,42.8936,-78.5099,1,36029
14005,42.9187,-78.249,2,36037
14006,42.6329,-79.021,5,36029
14009,42.576,-78.3935,20,36121
14011,42.8295,-78.295,1,36121
14012,43.3343,-78.5255,12,36063
14013,43.0805,-78.3967,2,36037
14020,42.997,-78.2154,15,36037
14024,42.5819,-78.2467,2,36121
14025,42.6228,-78.7284,18,36029
14027,42.5888,-79.018,5,36029
14029,42.4512,-78.2499,3,36003
14031,42.9867,-78.6091,30,36029
14034,42.5061,-78.8732,11,36029
14036,42.974,-78.3888,2,36037
14037,42.8061,-78.4549,1,36121
14040,42.8899,-78.378,2,36037
14042,42.4784,-78.4829,2,36009
14043,42.901,-78.7053,20,36029
14048,42.4813,-79.3095,22,36013
14051,43.0418,-78.6993,3,36029
14052,42.7706,-78.5816,2,36029
14055,42.5544,-78.6064,5,36029
14057,42.6449,-78.872,3,36029
14058,43.1025,-78.1635,2,36037
14059,42.8324,-78.6361,4,36029
14063,42.4132,-79.3297,13,36013
14065,42.49,-78.3091,3,36003
14066,42.5905,-78.1537,1,36121
14067,43.2174,-78.5675,2,36063
14069,42.6038,-78.6339,1,36029
14070,42.4361,-78.9234,10,36009
14072,43.0182,-78.9637,13,36029
14075,42.7337,-78.8287,44,36029
14081,42.5635,-79.0672,23,36029
14082,42.6473,-78.3877,2,36121
14085,42.715,-78.9291,2,36029
14086,42.9065,-78.6297,48,36029
14092,43.1717,-78.9883,40,36063
14094,43.1591,-78.6999,66,36063
14101,42.3884,-78.5402,2,36009
14102,42.8389,-78.5548,1,36029
14103,43.2136,-78.3799,5,36073
14105,43.1898,-78.4879,8,36063
14108,43.2628,-78.7279,9,36063
14120,43.0739,-78.8361,32,36063
14125,43.0853,-78.2768,2,36037
14127,42.7515,-78.7445,3,36029
14129,42.4803,-79.0113,1,36009
14130,42.5552,-78.1518,3,36121
14131,43.2339,-78.9012,17,36063
14132,43.1475,-78.8788,16,36063
14134,42.5338,-78.515,1,36029
14136,42.522,-79.1711,3,36013
14138,42.3652,-79.0223,4,36009
14141,42.5224,-78.7095,3,36029
14145,42.7336,-78.4249,1,36121
14150,43.0082,-78.8809,54,36029
14151,43.0174,-78.8794,1,36029
14172,43.2827,-78.8183,44,36063
14174,43.242,-79.0015,3,36063
14201,42.8959,-78.8871,139,36029
14202,42.885,-78.8767,128,36029
14203,42.8592,-78.8695,46,36029
14204,42.8823,-78.8618,150,36029
14206,42.8808,-78.8103,142,36029
14207,42.9491,-78.8984,354,36029
14208,42.9158,-78.8521,203,36029
14209,42.9182,-78.8652,58,36029
14210,42.8702,-78.8437,135,36029
14211,42.9084,-78.8214,740,36029
14212,42.8966,-78.8184,223,36029
14213,42.9188,-78.8906,388,36029
14214,42.9346,-78.8395,166,36029
14215,42.9342,-78.8111,771,36029
14216,42.9488,-78.8617,114,36029
14217,42.9716,-78.8765,23,36029
14218,42.8203,-78.8169,38,36029
14219,42.7905,-78.8283,5,36029
14220,42.8441,-78.8235,101,36029
14221,42.9798,-78.7241,22,36029
14222,42.9172,-78.8764,26,36029
14223,42.9691,-78.8357,12,36029
14224,42.8376,-78.7472,28,36029
14225,42.9291,-78.7538,61,36029
14226,42.9708,-78.799,23,36029
14227,42.8738,-78.7282,30,36029
14228,43.044,-78.7812,26,36029
14261,43.0069,-78.789,3,36029
14301,43.0962,-79.0378,132,36063
14302,43.0932,-79.0576,11,36063
14303,43.0849,-79.0347,118,36063
14304,43.0997,-78.9524,56,36063
14305,43.1163,-79.0221,166,36063
14411,43.2328,-78.2137,3,36073
14414,42.8932,-77.7352,12,36051
14416,43.0856,-77.969,1,36037
14418,42.6073,-77.2161,3,36123
14420,43.2132,-77.9349,5,36055
14422,43.0821,-78.065,2,36037
14423,42.9438,-77.8274,1,36051
14424,42.8455,-77.3083,12,36069
14425,42.992,-77.3393,89,36069
14428,43.077,-77.868,9,36055
14432,42.9578,-77.1435,1,36069
14433,43.0829,-76.8768,4,36117
14435,42.7169,-77.6649,4,36051
14437,42.5658,-77.7295,22,36051
14445,43.1124,-77.4902,10,36055
14450,43.09,-77.4167,19,36055
14454,42.794,-77.7691,7,36051
14456,42.8392,-76.9951,23,36069
14462,42.6822,-77.7562,5,36051
14464,43.3262,-77.9383,6,36055
14467,43.0419,-77.6128,33,36055
14468,43.2906,-77.8081,20,36055
14469,42.8773,-77.4679,2,36069
14470,43.2121,-78.0564,17,36073
14471,42.7556,-77.4964,4,36069
14472,42.9663,-77.5801,1,36055
14476,43.3319,-78.0446,1,36073
14477,43.3321,-78.1354,1,36073
14481,42.7809,-77.9136,2,36051
14482,42.9752,-77.9706,4,36037
14485,42.881,-77.6006,1,36051
14487,42.8145,-77.6693,3,36051
14489,43.0891,-76.9921,12,36117
14502,43.0961,-77.3361,1,36117
14505,43.1593,-77.1729,1,36117
14506,43.0001,-77.5022,1,36055
14507,42.6992,-77.3076,2,36123
14510,42.692,-77.8751,14,36051
14512,42.6475,-77.3924,2,36069
14513,43.0716,-77.0955,17,36117
14514,43.0677,-77.7992,12,36055
14516,43.1962,-76.915,3,36117
14517,42.5922,-77.8885,26,36051
14519,43.235,-77.279,4,36117
14521,42.6742,-76.8052,1,36099
14522,43.0595,-77.2213,4,36117
14526,43.1507,-77.4485,15,36055
14527,42.6665,-77.0531,26,36123
14530,42.7366,-78.0035,4,36121
14532,42.9639,-77.0246,48,36069
14534,43.0555,-77.5221,8,36055
14543,42.9884,-77.675,6,36055
14544,42.7589,-77.251,3,36069
14545,42.6623,-77.707,1,36051
14546,43.0308,-77.7746,5,36055
14548,42.9774,-77.286,2,36069
14550,42.6762,-78.0936,2,36121
14551,43.2178,-77.0483,6,36117
14555,43.26,-76.9941,2,36117
14559,43.1878,-77.8189,6,36055
14560,42.6858,-77.5766,5,36069
14563,43.2226,-77.3752,7,36117
14564,42.9825,-77.426,107,36069
14569,42.7394,-78.1696,17,36121
14571,43.3408,-78.253,3,36073
14572,42.5668,-77.5702,1,36101
14580,43.2187,-77.4457,36,36055
14586,43.0411,-77.6868,1,36055
14588,42.683,-76.8742,1,36099
14589,43.2468,-77.1723,4,36117
14590,43.243,-76.8281,5,36117
14602,43.087,-77.5955,6,36055
14603,43.1616,-77.6051,3,36055
14604,43.1571,-77.6064,32,36055
14605,43.1684,-77.602,403,36055
14606,43.1716,-77.6959,275,36055
14607,43.1511,-77.587,89,36055
14608,43.1539,-77.6237,273,36055
14609,43.1775,-77.5524,469,36055
14610,43.1421,-77.5448,21,36055
14611,43.1511,-77.6582,483,36055
14612,43.2698,-77.668,125,36055
14613,43.183,-77.6398,287,36055
14614,43.1571,-77.6148,270,36055
14615,43.2049,-77.6555,120,36055
14616,43.2304,-77.6542,24,36055
14617,43.2247,-77.5934,12,36055
14618,43.1129,-77.5574,3,36055
14619,43.1362,-77.6483,156,36055
14620,43.1286,-77.6055,108,36055
14621,43.1875,-77.6036,985,36055
14622,43.214,-77.5538,6,36055
14623,43.0877,-77.6456,13,36055
14624,43.1283,-77.7319,44,36055
14625,43.1485,-77.5063,2,36055
14626,43.2101,-77.7173,107,36055
14627,43.1298,-77.6315,1,36055
14639,43.1544,-77.6031,1,36055
14651,43.1609,-77.6213,1,36055
14701,42.0812,-79.2566,77,36013
14706,42.107,-78.5282,7,36009
14707,42.0844,-78.0677,1,36003
14709,42.3528,-77.9871,11,36003
14711,42.3258,-78.1194,18,36003
14712,42.1743,-79.3689,2,36013
14714,42.2873,-78.2332,1,36003
14715,42.0539,-78.104,2,36003
14722,42.2125,-79.4618,1,36013
14726,42.2575,-79.0208,2,36009
14728,42.2599,-79.4202,2,36013
14729,42.4012,-78.7343,1,36009
14731,42.2887,-78.6486,1,36009
14733,42.1499,-79.1766,2,36013
14735,42.4521,-78.0962,2,36003
14737,42.3341,-78.4311,3,36009
14739,42.193,-78.149,2,36003
14740,42.2186,-79.1811,1,36013
14741,42.2157,-78.5977,1,36009
14743,42.2043,-78.4091,2,36009
14744,42.4179,-78.209,1,36003
14747,42.1505,-79.0876,1,36013
14750,42.083,-79.327,8,36013
14755,42.2116,-78.8537,2,36009
14757,42.2544,-79.5108,9,36013
14760,42.0717,-78.4172,10,36009
14767,42.0518,-79.5133,1,36013
14770,42.0441,-78.3057,9,36009
14772,42.1487,-78.9448,3,36009
14774,42.0821,-78.1537,1,36003
14775,42.2291,-79.6957,2,36013
14777,42.3844,-78.2425,1,36003
14779,42.1535,-78.7424,3,36009
14782,42.2641,-79.2617,2,36013
14783,42.0913,-78.8905,4,36009
14785,42.1575,-79.4017,1,36013
14787,42.3131,-79.5686,2,36013
14801,42.0988,-77.2862,8,36101
14802,42.2537,-77.7906,1,36003
14804,42.3174,-77.8477,1,36003
14808,42.5621,-77.4661,1,36029
14810,42.3477,-77.3454,20,36101
14812,42.2904,-76.9885,4,36097
14813,42.2482,-77.9887,21,36003
14814,42.1537,-76.9538,4,36015
14816,42.1902,-76.7401,1,36015
14818,42.4453,-76.8244,1,36097
14822,42.4177,-77.8524,2,36003
14823,42.2435,-77.5653,2,36101
14825,42.0581,-76.6157,1,36015
14826,42.4935,-77.4918,2,36101
14830,42.1295,-77.0317,11,36101
14837,42.5011,-77.0124,1,36123
14840,42.4425,-77.1875,3,36101
14841,42.5155,-76.8508,1,36097
14843,42.3234,-77.645,4,36101
14845,42.1889,-76.8368,36,36015
14846,42.534,-77.9997,1,36051
14850,42.4468,-76.5182,26,36109
14855,42.1412,-77.476,1,36101
14856,42.3726,-77.3663,1,36101
14858,42.0203,-77.1203,6,36101
14863,42.4931,-76.6951,1,36097
14864,42.2736,-76.843,21,36015
14867,42.3426,-76.6143,2,36109
14870,42.1939,-77.0949,5,36101
14872,42.2306,-76.8646,5,36015
14873,42.5233,-77.2944,2,36101
14874,42.5303,-77.177,2,36101
14877,42.0597,-77.6858,3,36101
14879,42.3174,-77.1914,16,36101
14880,42.1518,-78.0263,2,36003
14881,42.4009,-76.3553,12,36109
14882,42.5799,-76.5626,3,36109
14886,42.5077,-76.6858,2,36109
14889,42.2197,-76.5706,2,36015
14891,42.3791,-76.9474,3,36097
14892,42.0471,-76.5246,7,36107
14894,42.0244,-76.7929,2,36015
14895,42.0783,-77.9365,14,36003
14897,42.0296,-77.7906,7,36003
14898,42.0569,-77.4318,1,36101
14901,42.0939,-76.7638,76,36015
14902,42.087,-76.8036,1,36015
14903,42.1237,-76.877,4,36015
14904,42.07,-76.8041,34,36015
14905,42.0836,-76.8453,5,36015
